fold	bss	n_scored	n_total	base_rate	mean_prob	reliability	resolution	uncertainty
2019	0.00008600	6448	13104	0.61569000	0.56693700	0.00006380	0.00013450	0.24626600
2020-COVID	0.00001600	8320	13156	0.57411100	0.57221200	0.00010389	0.00000000	0.24615400
2021	-0.00006300	12220	13104	0.57906000	0.57309100	0.00008429	0.00004234	0.24588400
2022-Bear	-0.12228400	416	13052	0.48758800	0.57307100	0.02992788	0.00054428	0.24028600
2023	-0.01869500	7436	13000	0.56292300	0.56542100	0.00471176	0.00002693	0.24999600
2024-Val	-0.00040800	12480	13104	0.56540000	0.56572800	0.00011327	0.00001100	0.24691700
