{
  "timestamp": "2026-03-21T21:55:42.071820Z",
  "n_train": 50000,
  "n_query": 1000,
  "k": 50,
  "batch_size": 256,
  "balltree_batch_time_s": 0.37291259999619797,
  "hnsw_batch_time_s": 0.016822800040245056,
  "speedup_ratio": 22.1670946039947,
  "gate_min_speedup": 20.0,
  "gate_passed": true
}