{
  "timestamp": "2026-03-21T21:55:00.663303Z",
  "n_train": 50000,
  "n_query": 1000,
  "k": 50,
  "batch_size": 256,
  "balltree_batch_time_s": 0.3647641999996267,
  "hnsw_batch_time_s": 0.01243649999378249,
  "speedup_ratio": 29.33013309065952,
  "gate_min_speedup": 20.0,
  "gate_passed": true
}